INSERT INTO regiao(num_regiao, nome, num_habitantes) VALUES(0, 'Norte', 1500000);
INSERT INTO regiao(num_regiao, nome, num_habitantes) VALUES(1, 'Centro', 1000000);
INSERT INTO regiao(num_regiao, nome, num_habitantes) VALUES(2, 'Lisboa', 5000000);
INSERT INTO regiao(num_regiao, nome, num_habitantes) VALUES(3, 'Alentejo', 1000000);
INSERT INTO regiao(num_regiao, nome, num_habitantes) VALUES(4, 'Algarve', 2000000);

INSERT INTO concelho(num_concelho, num_regiao, nome, num_habitantes) VALUES(0, 2, 'Sesimbra', 50000);
INSERT INTO concelho(num_concelho, num_regiao, nome, num_habitantes) VALUES(1, 4, 'Portimao', 50000);
INSERT INTO concelho(num_concelho, num_regiao, nome, num_habitantes) VALUES(2, 2, 'Lisboa', 500000);
INSERT INTO concelho(num_concelho, num_regiao, nome, num_habitantes) VALUES(3, 2, 'Almada', 400000);
INSERT INTO concelho(num_concelho, num_regiao, nome, num_habitantes) VALUES(4, 0, 'Porto', 400000);
INSERT INTO concelho(num_concelho, num_regiao, nome, num_habitantes) VALUES(5, 1, 'Coimbra', 400000);
INSERT INTO concelho(num_concelho, num_regiao, nome, num_habitantes) VALUES(6, 0, 'Arouca', 400000);

INSERT INTO instituicao(nome, tipo, num_concelho, num_regiao) VALUES('Farmacia de Portimão', 'farmacia', 1, 4);
INSERT INTO instituicao(nome, tipo, num_concelho, num_regiao) VALUES('Farmacia de Sesimbra', 'farmacia', 0, 2);
INSERT INTO instituicao(nome, tipo, num_concelho, num_regiao) VALUES('Farmacia de Lisboa', 'farmacia', 2, 2);
INSERT INTO instituicao(nome, tipo, num_concelho, num_regiao) VALUES('Farmacia do Porto', 'farmacia', 2, 2);
INSERT INTO instituicao(nome, tipo, num_concelho, num_regiao) VALUES('Farmacia Arouca 1', 'farmacia', 6, 0);
INSERT INTO instituicao(nome, tipo, num_concelho, num_regiao) VALUES('Farmacia Arouca 3', 'farmacia', 6, 0);
INSERT INTO instituicao(nome, tipo, num_concelho, num_regiao) VALUES('Farmacia Arouca 2', 'farmacia', 6, 0);
INSERT INTO instituicao(nome, tipo, num_concelho, num_regiao) VALUES('Laboratorio de Sesimbra', 'laboratorio', 0, 2);
INSERT INTO instituicao(nome, tipo, num_concelho, num_regiao) VALUES('Laboratorio de Portimão', 'laboratorio', 1, 4);
INSERT INTO instituicao(nome, tipo, num_concelho, num_regiao) VALUES('Laboratorio de Lisboa', 'laboratorio', 2, 2);
INSERT INTO instituicao(nome, tipo, num_concelho, num_regiao) VALUES('Laboratorio de Arouca', 'laboratorio', 6, 0);
INSERT INTO instituicao(nome, tipo, num_concelho, num_regiao) VALUES('Hospital de Lisboa', 'hospital', 2, 2);
INSERT INTO instituicao(nome, tipo, num_concelho, num_regiao) VALUES('Hospital de Almada', 'hospital', 3, 2);
INSERT INTO instituicao(nome, tipo, num_concelho, num_regiao) VALUES('Hospital de Portimao', 'hospital', 1, 4);
INSERT INTO instituicao(nome, tipo, num_concelho, num_regiao) VALUES('Hospital do Porto', 'hospital', 4, 0);
INSERT INTO instituicao(nome, tipo, num_concelho, num_regiao) VALUES('Clinica de Coimbra', 'clinica', 5, 1);
INSERT INTO instituicao(nome, tipo, num_concelho, num_regiao) VALUES('Clinica de Portimao', 'clinica', 1, 4);
INSERT INTO instituicao(nome, tipo, num_concelho, num_regiao) VALUES('Clinica do Porto', 'clinica', 4, 0);

INSERT INTO medico(num_cedula, nome, especialidade) VALUES(0, 'Reverendo Bonifacio', 'Osteopatia');
INSERT INTO medico(num_cedula, nome, especialidade) VALUES(1, 'Carlos Maia', 'Ginecologia');
INSERT INTO medico(num_cedula, nome, especialidade) VALUES(2, 'Maria Eduarda', 'Urologia');
INSERT INTO medico(num_cedula, nome, especialidade) VALUES(3, 'Ricardo Reis', 'Psiquiatria');
INSERT INTO medico(num_cedula, nome, especialidade) VALUES(4, 'Luis Vaz de Camoes', 'Oftalmologia');
INSERT INTO medico(num_cedula, nome, especialidade) VALUES(5, 'Fernando Pessoa', 'Hepatologia');
INSERT INTO medico(num_cedula, nome, especialidade) VALUES(6, 'Chico da Tina', 'Medicina Geral');
INSERT INTO medico(num_cedula, nome, especialidade) VALUES(7, 'Barack Obama', 'Pediatria');
INSERT INTO medico(num_cedula, nome, especialidade) VALUES(8, 'Shrek', 'Medicina Geral');
INSERT INTO medico(num_cedula, nome, especialidade) VALUES(9, 'Burro do Shrek', 'Medicina Geral');

INSERT INTO consulta(num_cedula, num_doente, data_consulta, nome_instituicao) VALUES(0, 0, '2020-2-4', 'Clinica de Portimao');
INSERT INTO consulta(num_cedula, num_doente, data_consulta, nome_instituicao) VALUES(1, 3, '2020-6-5', 'Hospital de Lisboa');
INSERT INTO consulta(num_cedula, num_doente, data_consulta, nome_instituicao) VALUES(2, 0, '2020-8-4', 'Hospital de Lisboa');
INSERT INTO consulta(num_cedula, num_doente, data_consulta, nome_instituicao) VALUES(3, 2, '2020-9-4', 'Clinica de Coimbra');
INSERT INTO consulta(num_cedula, num_doente, data_consulta, nome_instituicao) VALUES(4, 4, '2020-2-3', 'Hospital de Almada');
INSERT INTO consulta(num_cedula, num_doente, data_consulta, nome_instituicao) VALUES(2, 4, '2020-8-4', 'Clinica de Portimao');
INSERT INTO consulta(num_cedula, num_doente, data_consulta, nome_instituicao) VALUES(2, 1, '2020-4-14', 'Hospital de Almada');
INSERT INTO consulta(num_cedula, num_doente, data_consulta, nome_instituicao) VALUES(0, 1, '2020-2-12', 'Clinica de Portimao');
INSERT INTO consulta(num_cedula, num_doente, data_consulta, nome_instituicao) VALUES(1, 4, '2020-6-11', 'Hospital de Lisboa');
INSERT INTO consulta(num_cedula, num_doente, data_consulta, nome_instituicao) VALUES(3, 10, '2020-2-14', 'Clinica de Portimao');
INSERT INTO consulta(num_cedula, num_doente, data_consulta, nome_instituicao) VALUES(0, 1, '2020-5-26', 'Hospital de Almada');
INSERT INTO consulta(num_cedula, num_doente, data_consulta, nome_instituicao) VALUES(5, 7, '2020-3-27', 'Hospital de Lisboa');
INSERT INTO consulta(num_cedula, num_doente, data_consulta, nome_instituicao) VALUES(5, 7, '2020-11-16', 'Hospital de Lisboa');
INSERT INTO consulta(num_cedula, num_doente, data_consulta, nome_instituicao) VALUES(4, 6, '2020-4-14', 'Hospital de Lisboa');
INSERT INTO consulta(num_cedula, num_doente, data_consulta, nome_instituicao) VALUES(2, 9, '2020-10-13', 'Hospital do Porto');
INSERT INTO consulta(num_cedula, num_doente, data_consulta, nome_instituicao) VALUES(2, 3, '2020-2-12', 'Hospital do Porto');
INSERT INTO consulta(num_cedula, num_doente, data_consulta, nome_instituicao) VALUES(3, 2, '2019-5-14', 'Hospital do Porto');
INSERT INTO consulta(num_cedula, num_doente, data_consulta, nome_instituicao) VALUES(0, 4, '2020-11-16', 'Hospital do Porto');
INSERT INTO consulta(num_cedula, num_doente, data_consulta, nome_instituicao) VALUES(7, 12, '2019-3-15', 'Hospital do Porto');
INSERT INTO consulta(num_cedula, num_doente, data_consulta, nome_instituicao) VALUES(8, 13, '2019-2-19', 'Hospital do Porto');
INSERT INTO consulta(num_cedula, num_doente, data_consulta, nome_instituicao) VALUES(9, 14, '2019-6-7', 'Hospital do Porto');
INSERT INTO consulta(num_cedula, num_doente, data_consulta, nome_instituicao) VALUES(7, 10, '2019-5-13', 'Hospital do Porto');
INSERT INTO consulta(num_cedula, num_doente, data_consulta, nome_instituicao) VALUES(9, 10, '2020-6-9', 'Hospital do Porto');
INSERT INTO consulta(num_cedula, num_doente, data_consulta, nome_instituicao) VALUES(3, 8, '2019-4-8', 'Hospital de Lisboa');
INSERT INTO consulta(num_cedula, num_doente, data_consulta, nome_instituicao) VALUES(3, 8, '2019-5-8', 'Hospital de Lisboa');
INSERT INTO consulta(num_cedula, num_doente, data_consulta, nome_instituicao) VALUES(4, 8, '2019-5-7', 'Hospital de Lisboa');
INSERT INTO consulta(num_cedula, num_doente, data_consulta, nome_instituicao) VALUES(2, 8, '2019-3-7', 'Hospital de Lisboa');
INSERT INTO consulta(num_cedula, num_doente, data_consulta, nome_instituicao) VALUES(3, 14, '2019-5-9', 'Hospital de Lisboa');
INSERT INTO consulta(num_cedula, num_doente, data_consulta, nome_instituicao) VALUES(6, 11, '2019-4-12', 'Hospital do Porto');
INSERT INTO consulta(num_cedula, num_doente, data_consulta, nome_instituicao) VALUES(6, 15, '2019-3-4', 'Hospital do Porto');
INSERT INTO consulta(num_cedula, num_doente, data_consulta, nome_instituicao) VALUES(6, 14, '2019-5-9', 'Hospital do Porto');
INSERT INTO consulta(num_cedula, num_doente, data_consulta, nome_instituicao) VALUES(6, 10, '2019-5-9', 'Hospital do Porto');
INSERT INTO consulta(num_cedula, num_doente, data_consulta, nome_instituicao) VALUES(0, 0, current_date, 'Hospital do Porto');

INSERT INTO prescricao(num_cedula, num_doente, data_consulta, substancia, quant) VALUES(6, 10, '2019-5-9', 'Aspirina', 1);
INSERT INTO prescricao(num_cedula, num_doente, data_consulta, substancia, quant) VALUES(6, 14, '2019-5-9', 'Aspirina', 1);
INSERT INTO prescricao(num_cedula, num_doente, data_consulta, substancia, quant) VALUES(6, 11, '2019-4-12', 'Aspirina', 1);
INSERT INTO prescricao(num_cedula, num_doente, data_consulta, substancia, quant) VALUES(6, 15, '2019-3-4', 'Aspirina', 1);
INSERT INTO prescricao(num_cedula, num_doente, data_consulta, substancia, quant) VALUES(2, 0, '2020-8-4', 'Aspirina', 1);
INSERT INTO prescricao(num_cedula, num_doente, data_consulta, substancia, quant) VALUES(2, 9, '2020-10-13', 'Aspirina', 1);
INSERT INTO prescricao(num_cedula, num_doente, data_consulta, substancia, quant) VALUES(2, 8, '2019-3-7', 'Aspirina', 1);
INSERT INTO prescricao(num_cedula, num_doente, data_consulta, substancia, quant) VALUES(0, 0, '2020-2-4', 'Aspirina', 1);
INSERT INTO prescricao(num_cedula, num_doente, data_consulta, substancia, quant) VALUES(1, 3, '2020-6-5', 'Aspirina', 1);
INSERT INTO prescricao(num_cedula, num_doente, data_consulta, substancia, quant) VALUES(2, 3, '2020-2-12', 'Aspirina', 1);
INSERT INTO prescricao(num_cedula, num_doente, data_consulta, substancia, quant) VALUES(3, 8, '2019-4-8', 'Aspirina', 1);
INSERT INTO prescricao(num_cedula, num_doente, data_consulta, substancia, quant) VALUES(3, 8, '2019-5-8', 'Aspirina', 1);
INSERT INTO prescricao(num_cedula, num_doente, data_consulta, substancia, quant) VALUES(4, 8, '2019-5-7', 'Aspirina', 1);
INSERT INTO prescricao(num_cedula, num_doente, data_consulta, substancia, quant) VALUES(3, 14, '2019-5-9', 'Aspirina', 1);
INSERT INTO prescricao(num_cedula, num_doente, data_consulta, substancia, quant) VALUES(4, 6, '2020-4-14', 'Aspirina', 1);
INSERT INTO prescricao(num_cedula, num_doente, data_consulta, substancia, quant) VALUES(0, 4, '2020-11-16', 'Aspirina', 1);
INSERT INTO prescricao(num_cedula, num_doente, data_consulta, substancia, quant) VALUES(5, 7, '2020-11-16', 'Aspirina', 1);
INSERT INTO prescricao(num_cedula, num_doente, data_consulta, substancia, quant) VALUES(3, 2, '2019-5-14', 'Aspirina', 1);
INSERT INTO prescricao(num_cedula, num_doente, data_consulta, substancia, quant) VALUES(7, 10, '2019-5-13', 'Aspirina', 1);
INSERT INTO prescricao(num_cedula, num_doente, data_consulta, substancia, quant) VALUES(9, 10, '2020-6-9', 'Aspirina', 1);
INSERT INTO prescricao(num_cedula, num_doente, data_consulta, substancia, quant) VALUES(8, 13, '2019-2-19', 'Aspirina', 1);
INSERT INTO prescricao(num_cedula, num_doente, data_consulta, substancia, quant) VALUES(0, 0, current_date, 'Aspirina', 1);

INSERT INTO analise(num_analise, especialidade, num_cedula, num_doente, data_consulta, data_registo, nome, quant, inst) VALUES(0, 'Urologia', 2, 3, '2020-2-12', '2020-3-3', 'xixi', 1, 'Hospital do Porto');
INSERT INTO analise(num_analise, especialidade, num_cedula, num_doente, data_consulta, data_registo, nome, quant, inst) VALUES(1, 'Oftalmogia', 4, 6, '2020-4-14', '2020-4-3', 'visão', 3, 'Clinica de Coimbra');
INSERT INTO analise(num_analise, especialidade, num_cedula, num_doente, data_consulta, data_registo, nome, quant, inst) VALUES(2, 'Osteopatia', 0, 4, '2020-11-16', '2020-11-16', 'glicemia', 50, 'Clinica de Coimbra');
INSERT INTO analise(num_analise, especialidade, num_cedula, num_doente, data_consulta, data_registo, nome, quant, inst) VALUES(3, 'Medicina Geral', NULL, NULL, NULL, '2020-5-3', 'glicemia', 5, 'Clinica de Coimbra');
INSERT INTO analise(num_analise, especialidade, num_cedula, num_doente, data_consulta, data_registo, nome, quant, inst) VALUES(4, 'Medicina Geral', NULL, NULL, NULL, '2020-5-5', 'glicemia', 25, 'Clinica de Portimao');
INSERT INTO analise(num_analise, especialidade, num_cedula, num_doente, data_consulta, data_registo, nome, quant, inst) VALUES(5, 'Medicina Geral', NULL, NULL, NULL, '2020-5-4', 'glicemia', 15, 'Clinica de Coimbra');
INSERT INTO analise(num_analise, especialidade, num_cedula, num_doente, data_consulta, data_registo, nome, quant, inst) VALUES(6, 'Psiquiatria', 3, 10, '2020-2-14', '2020-4-3', 'glicemia', 45, 'Clinica de Portimao');
INSERT INTO analise(num_analise, especialidade, num_cedula, num_doente, data_consulta, data_registo, nome, quant, inst) VALUES(7, 'Oftalmogia', 4, 6, '2020-4-14', '2020-5-5', 'glicemia', 35, 'Clinica de Portimao');
INSERT INTO analise(num_analise, especialidade, num_cedula, num_doente, data_consulta, data_registo, nome, quant, inst) VALUES(8, 'Medicina Geral', 6, 11, '2019-4-12', '2020-11-5', 'glicemia', 35, 'Clinica do Porto');
INSERT INTO analise(num_analise, especialidade, num_cedula, num_doente, data_consulta, data_registo, nome, quant, inst) VALUES(9, 'Medicina Geral', 9, 14, '2019-6-7', '2020-11-4', 'glicemia', 35, 'Clinica do Porto');
INSERT INTO analise(num_analise, especialidade, num_cedula, num_doente, data_consulta, data_registo, nome, quant, inst) VALUES(10, 'Medicina Geral', 9, 10, '2020-6-9', '2020-11-6', 'glicemia', 35, 'Clinica do Porto');
INSERT INTO analise(num_analise, especialidade, num_cedula, num_doente, data_consulta, data_registo, nome, quant, inst) VALUES(11, 'Medicina Geral', 8, 13, '2019-2-19', '2020-11-3', 'glicemia', 35, 'Clinica do Porto');
INSERT INTO analise(num_analise, especialidade, num_cedula, num_doente, data_consulta, data_registo, nome, quant, inst) VALUES(12, 'Medicina Geral', 8, 13, '2019-2-19', '2019-11-3', 'glicemia', 35, 'Clinica do Porto');

INSERT INTO venda_farmacia(num_venda, data_registo, substancia, quant, preco, inst) VALUES(0, '2020-5-7', 'Aspirina', 1, 4.55, 'Farmacia de Portimão');
INSERT INTO venda_farmacia(num_venda, data_registo, substancia, quant, preco, inst) VALUES(1, '2019-5-14', 'Aspirina', 1, 6.55, 'Farmacia Arouca 1');
INSERT INTO venda_farmacia(num_venda, data_registo, substancia, quant, preco, inst) VALUES(2, '2019-3-5', 'Aspirina', 1, 5.30, 'Farmacia Arouca 2');
INSERT INTO venda_farmacia(num_venda, data_registo, substancia, quant, preco, inst) VALUES(3, '2020-11-24', 'Aspirina', 1, 4.55, 'Farmacia Arouca 3');
INSERT INTO venda_farmacia(num_venda, data_registo, substancia, quant, preco, inst) VALUES(4, '2020-10-13', 'Aspirina', 1, 3.99, 'Farmacia Arouca 2');
INSERT INTO venda_farmacia(num_venda, data_registo, substancia, quant, preco, inst) VALUES(5, '2020-2-27', 'Aspirina', 1, 7.55, 'Farmacia de Portimão');
INSERT INTO venda_farmacia(num_venda, data_registo, substancia, quant, preco, inst) VALUES(6, '2020-4-14', 'Aspirina', 1, 4.55, 'Farmacia de Portimão');
INSERT INTO venda_farmacia(num_venda, data_registo, substancia, quant, preco, inst) VALUES(7, '2020-2-11', 'Aspirina', 1, 6.55, 'Farmacia Arouca 1');
INSERT INTO venda_farmacia(num_venda, data_registo, substancia, quant, preco, inst) VALUES(8, '2020-9-15', 'Aspirina', 1, 7.30, 'Farmacia Arouca 2');
INSERT INTO venda_farmacia(num_venda, data_registo, substancia, quant, preco, inst) VALUES(9, '2020-11-24', 'Aspirina', 1, 4.55, 'Farmacia Arouca 3');
INSERT INTO venda_farmacia(num_venda, data_registo, substancia, quant, preco, inst) VALUES(10, '2020-11-16', 'Aspirina', 1, 4.55, 'Farmacia de Portimão');
INSERT INTO venda_farmacia(num_venda, data_registo, substancia, quant, preco, inst) VALUES(11, '2020-4-11', 'Aspirina', 1, 6.55, 'Farmacia Arouca 1');
INSERT INTO venda_farmacia(num_venda, data_registo, substancia, quant, preco, inst) VALUES(12, '2020-2-4', 'Aspirina', 1, 15.30, 'Farmacia Arouca 2');
INSERT INTO venda_farmacia(num_venda, data_registo, substancia, quant, preco, inst) VALUES(13, '2020-11-16', 'Aspirina', 1, 14.55, 'Farmacia Arouca 3');
INSERT INTO venda_farmacia(num_venda, data_registo, substancia, quant, preco, inst) VALUES(14, '2020-9-4', 'Aspirina', 1, 4.75, 'Farmacia Arouca 3');
INSERT INTO venda_farmacia(num_venda, data_registo, substancia, quant, preco, inst) VALUES(15, '2020-11-3', 'Aspirina', 1, 4.75, 'Farmacia Arouca 3');
INSERT INTO venda_farmacia(num_venda, data_registo, substancia, quant, preco, inst) VALUES(16, '2020-10-3', 'Aspirina', 1, 4.75, 'Farmacia Arouca 2');
INSERT INTO venda_farmacia(num_venda, data_registo, substancia, quant, preco, inst) VALUES(17, '2020-10-4', 'Aspirina', 1, 4.75, 'Farmacia Arouca 1');
INSERT INTO venda_farmacia(num_venda, data_registo, substancia, quant, preco, inst) VALUES(18, '2020-10-5', 'Aspirina', 1, 4.75, 'Farmacia Arouca 2');
INSERT INTO venda_farmacia(num_venda, data_registo, substancia, quant, preco, inst) VALUES(19, '2020-10-6', 'Aspirina', 1, 4.75, 'Farmacia Arouca 3');
INSERT INTO venda_farmacia(num_venda, data_registo, substancia, quant, preco, inst) VALUES(20, '2020-10-6', 'Aspirina', 1, 4.75, 'Farmacia Arouca 1');
INSERT INTO venda_farmacia(num_venda, data_registo, substancia, quant, preco, inst) VALUES(21, '2020-10-5', 'Aspirina', 1, 4.75, 'Farmacia Arouca 2');
INSERT INTO venda_farmacia(num_venda, data_registo, substancia, quant, preco, inst) VALUES(22, '2020-10-4', 'Aspirina', 1, 4.75, 'Farmacia Arouca 3');
INSERT INTO venda_farmacia(num_venda, data_registo, substancia, quant, preco, inst) VALUES(23, '2020-10-3', 'Aspirina', 1, 4.75, 'Farmacia Arouca 1');
INSERT INTO venda_farmacia(num_venda, data_registo, substancia, quant, preco, inst) VALUES(24, '2020-11-18', 'Aspirina', 1, 4.75, 'Farmacia Arouca 1');
INSERT INTO venda_farmacia(num_venda, data_registo, substancia, quant, preco, inst) VALUES(25, '2020-11-18', 'Aspirina', 1, 4.75, 'Farmacia Arouca 2');
INSERT INTO venda_farmacia(num_venda, data_registo, substancia, quant, preco, inst) VALUES(26, '2020-11-18', 'Aspirina', 1, 4.75, 'Farmacia de Portimão');
INSERT INTO venda_farmacia(num_venda, data_registo, substancia, quant, preco, inst) VALUES(27, '2020-11-18', 'Aspirina', 1, 3.75, 'Farmacia de Portimão');
INSERT INTO prescricao_venda(num_cedula, num_doente, data_consulta, substancia,num_venda) VALUES(6, 15, '2019-3-4',  'Aspirina', 21);
INSERT INTO prescricao_venda(num_cedula, num_doente, data_consulta, substancia,num_venda) VALUES(6, 14, '2019-5-9',  'Aspirina', 22);
INSERT INTO prescricao_venda(num_cedula, num_doente, data_consulta, substancia,num_venda) VALUES(6, 10, '2019-5-9', 'Aspirina', 23);
INSERT INTO prescricao_venda(num_cedula, num_doente, data_consulta, substancia,num_venda) VALUES(2, 0, '2020-8-4', 'Aspirina', 17);
INSERT INTO prescricao_venda(num_cedula, num_doente, data_consulta, substancia,num_venda) VALUES(2, 9, '2020-10-13', 'Aspirina', 18);
INSERT INTO prescricao_venda(num_cedula, num_doente, data_consulta, substancia,num_venda) VALUES(2, 8, '2019-3-7', 'Aspirina', 19);
INSERT INTO prescricao_venda(num_cedula, num_doente, data_consulta, substancia,num_venda) VALUES(0, 0, '2020-2-4', 'Aspirina', 12);
INSERT INTO prescricao_venda(num_cedula, num_doente, data_consulta, substancia,num_venda) VALUES(1, 3, '2020-6-5', 'Aspirina', 9);
INSERT INTO prescricao_venda(num_cedula, num_doente, data_consulta, substancia,num_venda) VALUES(2, 3, '2020-2-12', 'Aspirina', 5);
INSERT INTO prescricao_venda(num_cedula, num_doente, data_consulta, substancia,num_venda) VALUES(3, 2, '2019-5-14', 'Aspirina', 15);
INSERT INTO prescricao_venda(num_cedula, num_doente, data_consulta, substancia,num_venda) VALUES(4, 6, '2020-4-14', 'Aspirina', 6);
INSERT INTO prescricao_venda(num_cedula, num_doente, data_consulta, substancia,num_venda) VALUES(5, 7, '2020-11-16', 'Aspirina', 10);
INSERT INTO prescricao_venda(num_cedula, num_doente, data_consulta, substancia,num_venda) VALUES(0, 4, '2020-11-16', 'Aspirina', 1);
INSERT INTO prescricao_venda(num_cedula, num_doente, data_consulta, substancia,num_venda) VALUES(8, 13, '2019-2-19', 'Aspirina', 14);
INSERT INTO prescricao_venda(num_cedula, num_doente, data_consulta, substancia,num_venda) VALUES(9, 10, '2020-6-9', 'Aspirina', 16);


INSERT INTO consulta(num_cedula, num_doente, data_consulta, nome_instituicao) VALUES(0, 0, '2020-3-5', 'Hospital de Lisboa');
INSERT INTO prescricao(num_cedula, num_doente, data_consulta, substancia, quant) VALUES(0, 0, '2020-3-5', 'Ben-u-ron', 500);
INSERT INTO venda_farmacia(num_venda, data_registo, substancia, quant, preco, inst) VALUES(28, '2020-3-5', 'Ben-u-ron', 1, 3.75, 'Farmacia de Lisboa');
INSERT INTO prescricao_venda(num_cedula, num_doente, data_consulta, substancia,num_venda) VALUES(0, 0, '2020-3-5', 'Ben-u-ron', 28);

INSERT INTO consulta(num_cedula, num_doente, data_consulta, nome_instituicao) VALUES(0, 0, '2020-1-6', 'Hospital de Lisboa');
INSERT INTO prescricao(num_cedula, num_doente, data_consulta, substancia, quant) VALUES(0, 0, '2020-1-6', 'Ben-u-ron', 500);
INSERT INTO venda_farmacia(num_venda, data_registo, substancia, quant, preco, inst) VALUES(29, '2020-1-6', 'Ben-u-ron', 1, 3.75, 'Farmacia de Lisboa');
INSERT INTO prescricao_venda(num_cedula, num_doente, data_consulta, substancia,num_venda) VALUES(0, 0, '2020-1-6', 'Ben-u-ron', 29);

INSERT INTO consulta(num_cedula, num_doente, data_consulta, nome_instituicao) VALUES(0, 0, '2020-2-5', 'Hospital de Lisboa');
INSERT INTO prescricao(num_cedula, num_doente, data_consulta, substancia, quant) VALUES(0, 0, '2020-2-5', 'Xarope', 500);
INSERT INTO venda_farmacia(num_venda, data_registo, substancia, quant, preco, inst) VALUES(30, '2020-2-5', 'Xarope', 1, 3.75, 'Farmacia de Sesimbra');
INSERT INTO prescricao_venda(num_cedula, num_doente, data_consulta, substancia,num_venda) VALUES(0, 0, '2020-2-5', 'Xarope', 30);

INSERT INTO consulta(num_cedula, num_doente, data_consulta, nome_instituicao) VALUES(0, 0, '2020-1-13', 'Hospital de Lisboa');
INSERT INTO prescricao(num_cedula, num_doente, data_consulta, substancia, quant) VALUES(0, 0, '2020-1-13', 'Ben-u-ron', 500);
INSERT INTO venda_farmacia(num_venda, data_registo, substancia, quant, preco, inst) VALUES(31, '2020-1-13', 'Ben-u-ron', 1, 3.75, 'Farmacia de Sesimbra');
INSERT INTO prescricao_venda(num_cedula, num_doente, data_consulta, substancia,num_venda) VALUES(0, 0, '2020-1-13', 'Ben-u-ron', 31);

INSERT INTO consulta(num_cedula, num_doente, data_consulta, nome_instituicao) VALUES(1, 1, '2020-1-13', 'Hospital de Lisboa');
INSERT INTO prescricao(num_cedula, num_doente, data_consulta, substancia, quant) VALUES(1, 1, '2020-1-13', 'Ben-u-ron', 500);
INSERT INTO venda_farmacia(num_venda, data_registo, substancia, quant, preco, inst) VALUES(32, '2020-1-13', 'Ben-u-ron', 1, 3.75, 'Farmacia de Sesimbra');
INSERT INTO prescricao_venda(num_cedula, num_doente, data_consulta, substancia,num_venda) VALUES(1, 1, '2020-1-13', 'Ben-u-ron', 32);
